<?xml version="1.0" encoding="utf-8"?>
<extension version="3.3" client="site" type="language" method="upgrade">
	<name>中文(繁體．台灣)</name>
	<tag>zh-TW</tag>
	<version>3.3.6.1</version>
	<creationDate>2014-10-12</creationDate>
	<author>Joomla! Taiwan User Community</author>
	<authorEmail>eddy@joomla.org.tw</authorEmail>
	<authorUrl>www.joomla.org.tw</authorUrl>
	<copyright>Copyright (C) 2005 - 2014 Open Source Matters. All rights reserved.</copyright>
	<license>GNU General Public License version 2 or later; see LICENSE.txt</license>
	<description>zh-TW site language</description>
	<files>
		<filename>zh-TW.com_ajax.ini</filename>
		<filename>zh-TW.com_config.ini</filename>
		<filename>zh-TW.com_contact.ini</filename>
		<filename>zh-TW.com_content.ini</filename>
		<filename>zh-TW.com_finder.ini</filename>
		<filename>zh-TW.com_mailto.ini</filename>
		<filename>zh-TW.com_media.ini</filename>
		<filename>zh-TW.com_messages.ini</filename>
		<filename>zh-TW.com_newsfeeds.ini</filename>
		<filename>zh-TW.com_search.ini</filename>
		<filename>zh-TW.com_tags.ini</filename>
		<filename>zh-TW.com_users.ini</filename>
		<filename>zh-TW.com_weblinks.ini</filename>
		<filename>zh-TW.com_wrapper.ini</filename>
		<filename>zh-TW.files_joomla.sys.ini</filename>
		<filename>zh-TW.finder_cli.ini</filename>
		<filename>zh-TW.ini</filename>
		<filename>zh-TW.lib_fof.sys.ini</filename>
		<filename>zh-TW.lib_idna_convert.sys.ini</filename>
		<filename>zh-TW.lib_joomla.ini</filename>
		<filename>zh-TW.lib_joomla.sys.ini</filename>
		<filename>zh-TW.lib_phpass.sys.ini</filename>
		<filename>zh-TW.lib_phpmailer.sys.ini</filename>
		<filename>zh-TW.lib_phputf8.sys.ini</filename>
		<filename>zh-TW.lib_simplepie.sys.ini</filename>
		<filename>zh-TW.localise.php</filename>
		<filename>zh-TW.mod_articles_archive.ini</filename>
		<filename>zh-TW.mod_articles_archive.sys.ini</filename>
		<filename>zh-TW.mod_articles_categories.ini</filename>
		<filename>zh-TW.mod_articles_categories.sys.ini</filename>
		<filename>zh-TW.mod_articles_category.ini</filename>
		<filename>zh-TW.mod_articles_category.sys.ini</filename>
		<filename>zh-TW.mod_articles_latest.ini</filename>
		<filename>zh-TW.mod_articles_latest.sys.ini</filename>
		<filename>zh-TW.mod_articles_news.ini</filename>
		<filename>zh-TW.mod_articles_news.sys.ini</filename>
		<filename>zh-TW.mod_articles_popular.ini</filename>
		<filename>zh-TW.mod_articles_popular.sys.ini</filename>
		<filename>zh-TW.mod_banners.ini</filename>
		<filename>zh-TW.mod_banners.sys.ini</filename>
		<filename>zh-TW.mod_breadcrumbs.ini</filename>
		<filename>zh-TW.mod_breadcrumbs.sys.ini</filename>
		<filename>zh-TW.mod_custom.ini</filename>
		<filename>zh-TW.mod_custom.sys.ini</filename>
		<filename>zh-TW.mod_feed.ini</filename>
		<filename>zh-TW.mod_feed.sys.ini</filename>
		<filename>zh-TW.mod_finder.ini</filename>
		<filename>zh-TW.mod_finder.sys.ini</filename>
		<filename>zh-TW.mod_footer.ini</filename>
		<filename>zh-TW.mod_footer.sys.ini</filename>
		<filename>zh-TW.mod_languages.ini</filename>
		<filename>zh-TW.mod_languages.sys.ini</filename>
		<filename>zh-TW.mod_login.ini</filename>
		<filename>zh-TW.mod_login.sys.ini</filename>
		<filename>zh-TW.mod_menu.ini</filename>
		<filename>zh-TW.mod_menu.sys.ini</filename>
		<filename>zh-TW.mod_random_image.ini</filename>
		<filename>zh-TW.mod_random_image.sys.ini</filename>
		<filename>zh-TW.mod_related_items.ini</filename>
		<filename>zh-TW.mod_related_items.sys.ini</filename>
		<filename>zh-TW.mod_search.ini</filename>
		<filename>zh-TW.mod_search.sys.ini</filename>
		<filename>zh-TW.mod_stats.ini</filename>
		<filename>zh-TW.mod_stats.sys.ini</filename>
		<filename>zh-TW.mod_syndicate.ini</filename>
		<filename>zh-TW.mod_syndicate.sys.ini</filename>
		<filename>zh-TW.mod_tags_popular.ini</filename>
		<filename>zh-TW.mod_tags_popular.sys.ini</filename>
		<filename>zh-TW.mod_tags_similar.ini</filename>
		<filename>zh-TW.mod_tags_similar.sys.ini</filename>
		<filename>zh-TW.mod_users_latest.ini</filename>
		<filename>zh-TW.mod_users_latest.sys.ini</filename>
		<filename>zh-TW.mod_weblinks.ini</filename>
		<filename>zh-TW.mod_weblinks.sys.ini</filename>
		<filename>zh-TW.mod_whosonline.ini</filename>
		<filename>zh-TW.mod_whosonline.sys.ini</filename>
		<filename>zh-TW.mod_wrapper.ini</filename>
		<filename>zh-TW.mod_wrapper.sys.ini</filename>
		<filename>zh-TW.tpl_beez3.ini</filename>
		<filename>zh-TW.tpl_beez3.sys.ini</filename>
		<filename>zh-TW.tpl_protostar.ini</filename>
		<filename>zh-TW.tpl_protostar.sys.ini</filename>
		<filename>index.html</filename>
		<filename file="meta">install.xml</filename>
		<filename file="meta">zh-TW.xml</filename>
	</files>
	<params />
</extension>