<?xml version="1.0" encoding="utf-8"?>
<metafile version="3.3" client="site">
	<name>中文(繁體．台灣)</name>
	<version>3.3.6.1</version>
	<creationDate>2014-10-12</creationDate>
	<author>Joomla! Taiwan User Community</author>
	<authorEmail>eddy@joomla.org.tw</authorEmail>
	<authorUrl>www.joomla.org.tw</authorUrl>
	<copyright>Copyright (C) 2005 - 2014 Open Source Matters. All rights reserved.</copyright>
	<license>GNU General Public License version 2 or later; see LICENSE.txt</license>
	<description>zh-TW site language</description>
	<metadata>
		<name>中文(繁體．台灣)</name>
		<tag>zh-TW</tag>
		<rtl>0</rtl>
		<locale>zh_TW.utf8, zh_TW.UTF-8, zh_TW, zho_TW, zhi_TW, traditional_chinese</locale>
		<firstDay>0</firstDay>
		<weekEnd>0,6</weekEnd>
	</metadata>
	<params />
</metafile>
